{
  "DateTime": "0001-01-01T00:00:00",
  "BuildSystem": "Microbuild V2",
  "SourceControl": {
    "Type": "GitHub",
    "Url": "https://github.com/xamarin/XamarinVS",
    "Branch": "d16-2",
    "Repository": "XamarinVS"
  },
  "LanguageSets": [],
  "Projects": [
    {
      "Name": "Xamarin.Messaging.Build",
      "Path": "src\\Messaging\\Xamarin.Messaging.Build\\Xamarin.Messaging.Build.csproj",
      "LocItems": [
        {
          "SourceFile": "src\\Messaging\\Xamarin.Messaging.Build\\bin\\Release\\Build.exe",
          "LclFile": "loc\\lcl\\{Lang}\\Build.exe.lcl",
          "LcgFile": "src\\Messaging\\Xamarin.Messaging.Build\\bin\\Release\\localize\\ENU\\Build.exe.lcg",
          "Languages": "CHS;CHT;CSY;DEU;ESN;FRA;ITA;JPN;KOR;PLK;PTB;RUS;TRK"
        }
      ],
      "LssFiles": []
    }
  ]
}