{
  "DateTime": "0001-01-01T00:00:00",
  "BuildSystem": "Microbuild V2",
  "SourceControl": {
    "Type": "GitHub",
    "Url": "https://github.com/xamarin/XamarinVS",
    "Branch": "d16-2",
    "Repository": "XamarinVS"
  },
  "LanguageSets": [],
  "Projects": [
    {
      "Name": "Xamarin.Messaging.Broker",
      "Path": "External\\messaging\\src\\Broker\\Xamarin.Messaging.Broker\\Xamarin.Messaging.Broker.csproj",
      "LocItems": [
        {
          "SourceFile": "External\\messaging\\src\\Broker\\Xamarin.Messaging.Broker\\bin\\Release\\Broker.exe",
          "LclFile": "External\\messaging\\loc\\lcl\\{Lang}\\Broker.exe.lcl",
          "LcgFile": "External\\messaging\\src\\Broker\\Xamarin.Messaging.Broker\\bin\\Release\\localize\\ENU\\Broker.exe.lcg",
          "Languages": "CHS;CHT;CSY;DEU;ESN;FRA;ITA;JPN;KOR;PLK;PTB;RUS;TRK"
        }
      ],
      "LssFiles": []
    }
  ]
}