﻿<?xml version="1.0" encoding="utf-8"?>
<Files>
<File>
  <SourceFile>E:\A\_work\98\s\src\Messaging\Xamarin.Messaging.Build\bin\Release\Build.exe</SourceFile>
  <ParsedSourceFile>E:\A\_work\98\s\src\Messaging\Xamarin.Messaging.Build\bin\Release\localize\ENU\Build.exe.lcg</ParsedSourceFile>
  <TranslationFile>E:\A\_work\98\s\loc\lcl\\{Lang}\Build.exe.lcl</TranslationFile>
  <ProjectFile>E:\A\_work\98\s\src\Messaging\Xamarin.Messaging.Build\Xamarin.Messaging.Build.csproj</ProjectFile>
  <SettingsFile></SettingsFile>
  <SettingsFile></SettingsFile>
</File>
</Files>