﻿<?xml version="1.0" encoding="utf-8"?>
<Files>
<File>
  <SourceFile>E:\A\_work\98\s\External\messaging\src\Broker\Xamarin.Messaging.Broker\bin\Release\Broker.exe</SourceFile>
  <ParsedSourceFile>E:\A\_work\98\s\External\messaging\src\Broker\Xamarin.Messaging.Broker\bin\Release\localize\ENU\Broker.exe.lcg</ParsedSourceFile>
  <TranslationFile>E:\A\_work\98\s\External\messaging\loc\lcl\\{Lang}\Broker.exe.lcl</TranslationFile>
  <ProjectFile>E:\A\_work\98\s\External\messaging\src\Broker\Xamarin.Messaging.Broker\Xamarin.Messaging.Broker.csproj</ProjectFile>
  <SettingsFile></SettingsFile>
  <SettingsFile></SettingsFile>
</File>
</Files>